index,literal_version
0,"Над пустынными петербургскими улицами двигались слабо освещённые неясные очертания облаков; клочья облаков быстро сменялись одно другим.

Некий тусклый светящийся объект неопределённой формы перемещался по небу неясно и бесцветно; небо приобрело слабое сияние; от этого заблестели металлические крыши и дымовые трубы. Здесь протекала река Мойка зелёного цвета; вдоль одного берега располагалось трёхэтажное строение с пятью белыми колоннами; сверху выступали архитектурные элементы. На ярком фоне строения спокойно шёл солдат Её Величества в блестящем шлеме с позолотой.

Рядом с ним летел серебристого окраса голубь, расправив крылья.

Николай Аполлонович, предварительно использовав парфюм и сбрив щетину, шел вдоль набережной реки Мойки, укрывшись меховым пальто; его голова находилась внутри воротника одежды, а глаза необычно отражали свет; внутри испытывал волнения без определённого названия; ощущал нечто одновременно страшное и приятное: как будто внутри него возникло сильное внутреннее напряжение и какие-то необъяснимые чувства направляли его в неизвестные места.

Он размышлял: возможно ли, что это чувство является любовью? В памяти всплывало воспоминание: однажды ночью, покрытый туманом, быстро выйдя из указанного подъезда, он поспешил к чугунной петербургской переправе, намереваясь именно там...

Он ощутил дрожь.

Мимо пролетел пучок света: чёрная императорская повозка проследовала рядом с окнами хорошо освещенного дома, везя красные осветительные приборы интенсивного оттенка; эти светильники отразили своё изображение на тёмной поверхности вод Мойки; расплывчатое очертание головного убора слуги и форма края верхней одежды промелькнули вместе со светом, появившись из туманной области и исчезнув в другой туманной зоне."
1,"На указанном месте располагался роскошный дворец; своей верхней частью, похожей на вытянутую башню, он напоминал странной формы замок: кирпично-розовый, массивный каменный. Это происходило давно, и сейчас монарха, жившего здесь тогда, больше нет.

Кирпично-розовый дворец возвышался среди голых ветвей деревьев; ветви тянулись вверх подобно тихим порывам ветра и колебались, словно пытаясь ухватить проплывавшие мимо облака; крикнув, резко взметнулась вверх ворона; поднявшись высоко, она некоторое время парила, после чего снова стремительно спустилась вниз.

Экипаж проезжал через этот район.

Конная скульптура отчетливо выделялась на фоне площади; гости города редко обращают на неё внимание, хотя эта фигура величественна.

Сам монарх воздвигнул памятник своему знаменитому предку; он проживал во дворце красного кирпича; прожил недолго.

Возможно, неоднократно показывалась круглая белая голова с завитушками волос возле узкого проёма окна дворца. Эта голова внимательно смотрела вдаль сквозь стекло; взгляд либо терялся в мягких оттенках заката, либо фиксировался на серебристом мерцании отражённого света месяца среди густой листвы деревьев; у входа дежурил солдат в треугольной шляпе с полями и отдавал честь, когда золотой грудью генерал проходил мимо, направляясь к украшенной картинами повозке; рядом находился высокий возница, сидящий на высоком сиденье экипажа; сзади стояли черные слуги.

Павел Петрович вновь смотрел вокруг себя и возобновлял беседу с миловидной дамой-официанткой, одетой в прозрачную ткань; дама улыбалась; на щеках стали заметны небольшие впадинки, родинка.

В ту ночь пространство заливал свет луны, освещавший предметы интерьера императорских покоев, блестевший даже на маленьком изображении купидона; на подушке уже ясно виднелась форма головы человека, лежавшего ранее; откуда-то раздавались удары часов; вскоре послышались чьи-то приближающиеся шаги… Прошло лишь несколько секунд — постель оказалась помятой: простыни ещё сохраняли тепло тела; покойника уже не было видно; группа молодых офицеров с обнажёнными саблями склонились над пустым изголовьем кровати; кто-то пытался открыть дверь; слышался плач женского голоса; бледнолицый офицер поднял край шторы; и за прозрачной тканью окна проявилось смутное очертание дрожащей тени.

Откуда-то доносились звуки боя часов; неподалёку звучали удаляющиеся шаги."
2,"Вечер. Легкая дымка. Туман скрывает небо, нельзя увидеть, что находится выше. В древности полагали, что над облаками обитает главный бог, равнодушный наблюдатель всего происходящего. Сейчас известно, что выше облаков лишь прозрачная синева и пустота космоса. Теперь же я теряюсь в догадках относительно того, что скрывается за пределами видимости, поскольку получил много новых знаний. Полностью убежденное знание эквивалентно верованию. Раньше я был уверен в своей правоте во всём касающемся меня самого. Однако теперь впервые осознаю своё отражение в зеркале совершенно ясно и отчётливо. Впервые внимательно смотрю на собственное лицо и удивлённо воспринимаю себя словно другого человека. Передо мной человек с чёрными ровными линиями бровей и вертикальной морщиной меж ними (раньше я не замечал её). Серые глаза имеют стальной оттенок и окружены тёмной каймой от бессонницы. За этими глазами прячутся мои настоящие чувства и переживания, которых ранее я не понимал. Оттуда же, изнутри сознания, смотрящего на моё изображение, приходит твёрдое убеждение, что этот отражённый мужчина чужд мне самому, мы встретились впервые. Настоящий же я — другой. Нет смысла продолжать размышления: всё перечисленное бессмысленно и является результатом недавних неприятных переживаний после употребления отравляющего вещества накануне вечером. Неважно какого именно. Записываю это исключительно ради демонстрации того, насколько необычным образом способен ошибаться наш разум, который обычно действует точно и остро. Разум, способный объяснить непонятную древним бескрайнюю даль, представить её понятной и доступной — благодаря использованию числовых обозначений вроде моего собственного номера R-13. К слову, я доволен таким решением: иначе пришлось бы оставаться одному."
3,"Она была одета в костюм древнего стиля: тесное чёрное платье подчёркивало белизну обнажённых плеч и груди, а также выделяло светлые зубы, казавшиеся чрезмерно яркими.
Женщина села и начала играть. Её исполнение отличалось хаотичностью и нервозностью, отражавшими характер той эпохи, когда она жила. Она играла беспорядочно, без какой-либо структурированности. Остальные вокруг были согласны друг с другом и весело смеялись. Однако некоторые из присутствующих испытывали сомнения, и я тоже задумался над причиной своего смеха.
Эпилепсия является психическим заболеванием, вызывающим страдания. Боль возникает постепенно, усиливаясь и становясь всё интенсивнее. Постепенно приходит осознание болезненности происходящего. Затем появилось ощущение солнечного света, яркого и сильного, резко отличающегося от обычного спокойного освещения. Это чувство заставило снять одежду и разорвать её на куски.
Человек, сидящий рядом со мной, посмотрел в мою сторону и усмехнулся. Запомнилось одно обстоятельство: я заметил маленький пузырь слюны, появившийся и тут же исчезнувший на его губах. Наблюдение этого явления вернуло мне ясность сознания.
Подобно остальным, я воспринимал лишь бессмысленный шум струн музыкального инструмента. Я улыбался, чувствуя облегчение и спокойствие. Лекционный материал дал реалистичное представление о событиях того периода, вызвав смех слушателей.
После прослушала я современную музыку, демонстрируемую специально для сопоставления с предыдущей. Удовольствие доставляли чёткость структуры музыкальных произведений, построенных по строгим научным принципам, включающим элементы математики и физики. Ощущалась мощь порядка и гармонии современной музыки, противопоставляемой примитивному искусству прошлого, лишённому каких-либо ограничений, кроме собственных вымышленных представлений авторов.
Все покинули зал парами по четыре человека, двигаясь организованно через большие выходы. По пути мимо прошёл знакомый человек, имевший необычную фигуру, выгнутую в двух направлениях одновременно; я уважительно приветствовал его кивком головы."
4,"Всё это Рутилов произносил, как обычно, бодрым голосом и оживлённо, улыбаясь, однако выглядел высоким и худым человеком, производящим впечатление слабого и болезненного, несмотря на новую и модную шляпу, из-под которой были видны редкие светловолосые короткие стриженые волосы.
– Ну, втрое ведь всего лишь, – слабо возразил Передонов, снимая и вытирая золотые очки.
– Но правда же! – вскричал Рутилов. – Ты смотри внимательно, пользуйся моментом, пока я жив, потому что после моей смерти станет сложнее найти невесту, подходящую именно тебе. Каждая из моих дочерей охотно согласилась бы выйти за тебя.
– Здесь действительно многие испытывают ко мне симпатию, – угрюмо похвалился Передонов.
– Вот видишь, значит используй ситуацию сейчас, – советовал Рутилов.
– Самое важное для меня, чтобы девушка не была худощавой, – с грустью в голосе сказал Передонов. – Лучше пусть будет полной.
– Тебе совершенно не стоит волноваться по этому поводу, – энергично уверял Рутилов. – Сейчас мои дочери уже достаточно полноваты, а если кто-то ещё недостаточно полная, это временно. После замужества они станут ещё пышнее, посмотри хотя бы на мою старшую дочь Ларису.
– Я бы хотел вступить в брак, – сказал Передонов, – но опасаюсь, что моя жена Варя устроит крупный конфликт.
– Поскольку боишься конфликта, поступи так, – предложил Рутилов с лукавой улыбкой: – сегодня же заключай брачный союз, лучше сделать это немедленно. Вернувшись домой с молодой супругой, проблема разрешится сама собой. Согласен, хочешь, я всё организую прямо завтра вечером? И выберешь любую девушку.
Передонов неожиданно начал громко и резко смеяться.
– Значит, соглашаешься? По рукам, так сказать? – поинтересовался Рутилов.
Передонов также внезапно прекратил смех и мрачно прошептал тихим голосом:
– Она расскажет обо всём, эта негодяйка.
– Ей нечего рассказывать, ничего такого не произойдёт, – успокаивал Рутилов.
– Или отравит, – испуганно бормотал Передонов.
– Просто доверься мне во всех вопросах, – убедительно настаивал Рутилов, – я обеспечу всё аккуратно и продуманно.
– Без приданого я вступать в брак не намерен, – раздражённо выкрикнул Передонов.
Новое резкое изменение темы разговора не смутило Рутилова. Он ответил столь же вдохновенно:
– Странный человек, разве мои дочери лишены приданого? Так что согласны мы или нет? Я пойду заниматься подготовкой. Запомни, нельзя говорить кому-либо об этом деле, понял?
Рутилов пожал руку Передонова и поспешил прочь. Передонов молча наблюдал за ним. Девушки Рутилова вспомнились ему весёлыми и насмешливыми. Непристойная мысль вызвала мимолетную непривлекательную ухмылку на губах Передонова, тут же исчезнувшую. В нём возникло неясное чувство тревоги."
5,"Извлекаю фрагмент жизни, простой и непритязательной, и превращаю его в привлекательную историю, поскольку я являюсь поэтом.
Оставайся пассивной, обычной и однообразной или проявляй активность и силу — несмотря ни на что, я, будучи поэтом, создам над тобой красивую и увлекательную историю о приятном и привлекательном.
Случайности определяют развитие событий, любое начало обусловлено случайностью. Однако целесообразнее начинать с тех аспектов человеческого опыта, которые являются достойными восхищения, либо, по крайней мере, эстетичными и доставляющими удовольствие. Красивыми качествами человека являются здоровье, юность и жизнерадостность, красивыми явлениями природы являются прозрачная вода, солнечный свет и теплое время года.
Был летний день, ясный и жаркий, и река Скородень находилась под ярким светом солнца. Прозрачная вода, яркий свет и летняя погода сверкали и приносили ощущение радости благодаря теплу солнца, открытости пространства, дуновению ветра издалека, присутствию множества птиц и двух молодых девушек.
Елисавета и Елена, родные сестры, купались в реке Скородень. Солнце и вода вызывали радостные чувства, так как девушки выглядели красивее обычного и были обнаженными. Обе испытывали приятные ощущения: прохладу, желание активно двигаться, улыбаться, разговаривать и развлекаться. В беседе они упомянули мужчину, который был предметом их фантазий.
Эти девушки являлись дочерьми обеспеченного владельца поместья. Участок реки, где они купались, прилегал к обширному старинному саду принадлежавшего им дома. Возможно, им нравилось находиться здесь еще больше, так как они ощущали себя владелицами быстро текущей воды и песчаного берега, омываемого их ступнями. Они свободно передвигались и играли в воде, чувствуя уверенность и свободу хозяев территории. Границы власти любого человека неизвестны, однако счастливы те, кто уверен в своем положении и полномочиях!"
6,"Дом расположен на краю города, в районе, известном как Расчески. Здесь стоят длинные многоквартирные здания, расположенные параллельными рядами с интервалами, занятыми бетонными дворами, предназначенными для детских игр местных жителей. Здания белые, имеют многочисленные окна и выглядят одинаково. Между зданиями находятся пустующие участки земли, окружённые забором. Остатки разрушенных строений привлекают больше внимания детей, чем эти дворы.

Между районами жилых зданий и пустырей находится отдельно стоящий дом, известный как Серый. Он старый, относится скорее к периоду разрушения прежних построек, чем к современным жилым комплексам. Другие дома расположены вдали от него. У дома три этажа, фасад обращён к дороге, также имеется внутренний двор, ограниченный металлической сетью. Раньше здание было белого цвета, сейчас оно серое снаружи и жёлтое внутри. Крыша покрыта антенной и кабелями, стены покрываются мелкими частицами штукатурки и трескаются. Рядом располагаются гаражи, подсобные помещения, контейнеры для мусора и будки для собак. Во дворе всё выглядит запущенным. Передняя сторона фасада лишена каких-либо украшений и выглядит мрачной.

Жители окрестности испытывают неприязнь к этому дому. Хотя никто открыто не высказывает своего недовольства, большинство предпочитает жить подальше от него и желало бы, чтобы этот дом вообще отсутствовал."
7,"Оказалось, что каждый человек, стремящийся обратить на себя внимание, является эгоистичным человеком с негативными качествами, способным совершать любые поступки и переоценивающим собственные достоинства, тогда как фактически этот человек совершенно незначителен. Самоуверенный и тщеславный человек. Что-то похожее. Сип прочитал рассказ про птицу, желавшую казаться лучше, чем была. Затем стихотворение о животном, утонувшем вследствие собственного неразумия. После этого он захотел исполнить ещё одну песню аналогичного содержания, однако его больше никто не слушал. Лицо Сипа изменилось от гнева, он заплакал и умолк. Его поблагодарили, дали салфетку, прикрыли книгой и предложили другому ученику продолжить выступление.
Гуль произносил речь почти неслышно, не глядя вверх, словно читал написанное прямо на столе, несмотря на отсутствие там какого-либо текста, кроме испорченного пластмассового покрытия. Белые волосы спускались на лицо, мешали видеть, и он поправлял их мокрым пальцем. Прическа держалась лишь до тех пор, пока палец был приложен ко лбу, после чего немедленно возвращалась назад, снова закрывая взгляд. Для длительного наблюдения за ним нужна особая выдержка. По этой причине я старался не смотреть на него: мои нервы находились и так в плохом состоянии, дополнительная нагрузка могла привести к ухудшению самочувствия.
— Какого рода внимания добивается обсуждаемый субъект? Кажется, будто он стремится обратить внимание на свою обувь. Однако это неверно. Через привлечение интереса к обуви он обращает внимание на свои ноги. Тем самым демонстрирует своё физическое несовершенство, подчёркивая недостатки остальным людям, игнорируя их чувства и мнение. В некотором отношении он таким образом унижает нас...
Он продолжал говорить монотонно и однообразно. Палец перемещался вдоль носа, глаза покраснели. Мне заранее известны все аргументы, какие он мог изложить, поскольку такие речи типичны в данной ситуации. Каждое высказывание, произнесённое Гулем, было столь же невыразительным и сухим, как он сам, его пальцы и ногти."
8,"Недавно он был бодрым и энергичным человеком. Умел легко стоять на руках, поднимая тело вверх ногами и перемещаться плавно, словно парус. Зубами мог поднять стул и порвать канат крепкими мышцами рук. Его тело бурлило энергией, желанием прыгнуть через ограду, раскачать столб, одним словом — совершить впечатляющий поступок, как мы говорили в молодости. Сейчас что-то изменилось, словно механизм слегка испортился. Он начал сутулиться и признался другу Подтягину, что мучается бессонницей. Ночью накануне понедельника плохо спал, проведя двадцать минут в компании непристойного человека в остановившемся лифте. Утро следующего дня началось тяжело: долгое время сидел голым, держа вытянутые прохладные руки между коленями, пораженный осознанием, что снова должен будет одеть рубаху, носки, брюки — вещи пропитанные потом и грязью, казавшиеся неприятной обязанностью. Подобное чувство вызывало у него воспоминание о цыганском пуделе, выглядящем ужасающе жалко в человеческой одежде. Частично апатия объяснялась отсутствием работы. За прошедшую зиму удалось скопить небольшую сумму денег, от которой осталось около двухсот марок, потому что последние месяцы были затратными.
В предыдущем году, прибыв в Берлин, он быстро устроился на работу и продолжал трудиться вплоть до января, выполняя разнообразные задания: испытывал тяжесть утренних поездок на завод; чувствовал боль в ногах после десяти километров беготни с подносом среди ресторанных столов заведения «Пир Горой». Занимался также посредничеством, предлагая любые товары, какие попадались под руку — будь то баранки, средство для укладки волос или драгоценности. Он ничего не отвергал: неоднократно зарабатывал продажей собственной тени, как многие из нас. Иными словами, участвовал в массовке киносъемок за городом, где огромные прожекторы, направленные на группу статистов, ярко освещали лица людей своим ярким резким светом, создавая ощущение дискомфорта и стыда. После завершения съемки контракт считался выполненным, и заработанная сумма расходовалась."
9,"Целый день кровать кажется поднимающейся вверх, будто движется в ясное теплое небо, и, приподнявшись, человек видит кроны деревьев, ярко освещённые жёлтым светом солнца, тонкие провода, служащие местом отдыха птиц, и деревянный навес над дорожкой красного цвета рядом с парадным входом. Издали слышатся приятные звуки природы: пение птиц, отдалённый собачий лай, поскрипывание водяного насоса.
Человек лежит неподвижно, погружён в размышления о предстоящем подъёме, наблюдает солнечные блики, играющие на поверхности стола, смотрит, как клубок нитей соскальзывает с коленей сидящей рядом женщины и плавно перекатывается по гладкому деревянному полу...
Именно здесь, в данной комнате, когда Ганин находился на выздоровлении в возрасте шестнадцати лет, сформировался мысленный образ счастья и девушки, которого он позже увидел в реальности. Этот процесс формирования образа происходил благодаря совокупности факторов окружающей обстановки: картинам на стенах, звукам природы за окном, изображению Христа в киоте, журчащей воде в раковине. Развивающийся образ впитывал приятную атмосферу солнечного света в помещении, и очевидно, что без воздействия этой среды такой образ не мог бы появиться. По сути, это были лишь обычные ощущения юности, мечтательные переживания, однако сейчас Ганину представлялось, что такое совпадение мыслей и действительности ранее не происходило столь идеально. Целый день он переходил из одного сада в другой, посещал различные кафе, и воспоминания постоянно увлекали его вперёд, подобно движущимся облакам в небе весной в Берлине. Посетители кафе думали, что мужчина, внимательно смотрящий вдаль, переживает какую-то глубокую печаль, а на улицах он случайно сталкивался с прохожими, один раз водитель автомобиля резко остановился и выразил недовольство, чуть не столкнувшись с ним.
Ганин чувствовал себя творцом, восстанавливающим утраченный мир. Постепенно он возвращал детали исчезнувшего мира ради той женщины, которой ещё не решился придать место в нём, пока восстановление не завершится целиком. Однако мысль о ней, ощущение её присутствия, призрак прошлых впечатлений вынуждали его завершить создание образа окончательно, хотя он сознательно откладывал появление этого образа, поскольку хотел приблизиться к нему поэтапно, следуя определённой последовательности шагов. Стараясь избежать путаницы среди ярких образов прошлого, он аккуратно реконструировал события своей жизни, иногда останавливаясь на незначительных деталях, избегая преждевременного перехода к последующим этапам. Бродя по Берлину тёплым майским днём, он действительно выздоравливал физически, испытывал первые признаки восстановления после болезни, слабость в ногах, рассматривал своё отражение в зеркалах. Одежда выглядела особенно чистой, свободной и слегка непривычной. Медленно продвигаясь по широкому парку, окруженному деревьями, он замечал небольшие земляные бугорки чёрного цвета, образовавшиеся в результате деятельности животных. Он надел белую нижнюю одежду и светло-фиолетовые носки. У него была мечта встретить кого-либо в парке, но конкретного представления о том, кто именно должен встретиться, у него не было."
10,"Я появился на свет пятьдесят лет назад, в центральной части России, в деревенском имении моего отца.

Мы не осознаём момента нашего рождения и ухода из жизни. Мне сообщили точную дату появления на свет, иначе сейчас я совершенно не представлял бы своего возраста, поскольку ещё никак не испытываю возрастных изменений, и следовательно, меня не посещала мысль, будто примерно через десять-двадцать лет мне предстоит умереть. Живя на необитаемом острове, я бы вообще не знал о существовании смерти. Возможно, это стало бы счастьем... Или наоборот, большим несчастьем? Верно ли утверждение, что я бы не узнал о ней? Ведь возможно, чувство смерти присуще человеку изначально? Предположим обратное, если бы я не подозревал о смерти, любил бы я жизнь столь же сильно, как она любима мной сейчас?

Что касается происхождения рода Арсеньевых, то оно практически неизвестно. Насколько вообще многое доступно нашему знанию! Единственно достоверное, что я осведомлён: наша фамилия указана среди родов, происхождение которых давно утрачено историей. Род наш известен, однако утратил прежнее влияние, и всю свою жизнь я воспринимал нашу принадлежность к такому роду как повод испытывать гордость и удовлетворение, ведь я не отношусь к людям, лишённым семейного корня и наследия.

В праздник Троицы православная церковь совершает особую службу памяти всех усопших людей с древности и произносит следующую проникновенную молитву:
«Господи, успокоь души рабов твоих в небесной обители твоей и покои в лоне Авраама всех предков наших и близких родственников, служивших тебе искренне от времён Адама и до сегодняшнего дня.»"
11,"Весь день прошел для меня словно в тумане и постоянно поддерживал меня в состоянии сильного напряжения: снова состоялись поминальные службы, снова собралось большое количество людей, среди которых были прибывшие и отъезжавшие соседи, а также дети играли беззаботно, еще ничего не понимая, в закрытой со всех сторон светлой комнате под наблюдением периодически тихонько плачущей няни...
Опять начало темнеть, и вновь люди начали приходить в зал, чтобы собраться и ожидать следующей поминальной службы, негромко разговаривая друг с другом... Затем появились священники, после чего наступило молчание, свечи были зажжены, произошло облачение в полной тишине, началось таинство подготовки к богослужению, а затем последовал первый размахивание кадилом и первое произнесенное слово – все эти события показались мне в этот заключительный вечер для умершего человека настолько важными, что я больше не смог смотреть вперед, на роскошный бархатный гроб, установленный на соединенных столах, и на тело, лежащее внутри гроба, покрытое золоченым покровом, украшенное золотой иконкой на груди и жесткой белой подушкой, погруженное в мрачную тьму вечного покоя, лицо которого имело черные впадины вокруг глаз и отражало металлический отблеск сквозь тепло и аромат дыма, мерцавшего жарким блеском."
12,"Приказания прокуратора были выполнены быстро и точно, и солнце, ярко светившее в последние дни над Ершалаимом, ещё не достигло своего полуденного положения, когда на верхней площадке садовой террасы возле статуй двух белых мраморных львов состоялась встреча между прокуратором и исполняющим обязанности председателя Синедриона иудейского первосвященником Иосифом Каифой.

Сад был тихий. Покинув укрытие колонн и оказавшись на верхнем участке сада, освещённом солнечными лучами, с расположенными здесь пальмами необычной формы, участок которого открывался прокуратору вид на весь город Ершалаим вместе с висячими мостами, укреплениями и главным образом величественным храмом, крытым золочёной плиткой, своим тонким слухом прокуратор услышал издалека слабый шум толпы снизу, иногда сопровождаемый тонкими возгласами.

Поняв услышанное, прокуратор сделал вывод, что внизу, около городских стен, уже собрался большой количество обеспокоенных недавними волнениями ершалаимских жителей, ожидающих решения суда, среди которых слышались голоса торговцев водой."
13,"Возможно, причиной изменения внешности прокуратора стали наступившие сумерки. Внешность его заметно преобразилась: он выглядел старше, сутулился и испытывал тревогу. В один момент он обернулся и неожиданно вздрогнул, посмотрев на пустующее кресло, спинка которого была покрыта плащом. Наступила праздничная ночь, стало темно, и, возможно, утомленному прокуратору почудилось присутствие кого-то в пустующем кресле. Поддавшись слабости, он тронул плащ рукой, потом оставил его и начал беспокойно ходить по балкону: тер руки, подбегал к столу, хватался за чашу, останавливался и начинал смотреть на пол, украшенный мозаикой, словно надеялся увидеть там какое-либо послание.

Сегодня прокуратор во второй раз ощутил чувство грусти. Поглаживая висок, в котором осталась лишь легкая боль после сильнейших утренних страданий, прокуратор пытался осознать причину своего внутреннего дискомфорта. Вскоре он осознал ее, однако попытался ввести себя в заблуждение. Ясно понимая, что днём совершил ошибку, которую сейчас хотел бы исправить незначительными и несвоевременными поступками, прокуратор стремился убедить себя, что нынешние, вечерние действия столь же существенны, как и вынесенный утром приговор. Однако прокуратору слабо удавалось преуспеть в этой попытке самообмана."
14,"Конференция прошла в политехническом институте. Я посетил данное мероприятие, провел беседу. Спустя пять минут необходимая информация оказалась подготовлена. Передал её в секретариат. Вскоре появился редактор Туронок, обладающий чрезмерно сладким и притворно вежливым характером. Обычно робкий и нерешительный человек, сейчас проявлял сильное возбуждение:
- Вами допущена грубая ошибка идеологического характера.
- Какая именно?
- Вы указали перечень стран…
- Это запрещено?
- Нет, указывать можно и даже необходимо. Однако важно учитывать порядок перечисления. Здесь указаны Венгрия, ГДР, Дания, далее следуют Польша, Советский Союз, ФРГ…
- По моему мнению, последовательность определена согласно алфавитному порядку.
- Подобный подход недопустим, - выразил недовольство Туронок, - имеется установленный строгий порядок: сначала демократические государства, потом нейтральные страны, и лишь затем государства-участники военного союза.
- Хорошо, согласен.
Я исправил информацию и вновь передал в секретариат. На следующий день снова пришел Туронок:
- Создается впечатление, будто вы насмехаетесь надо мной! Делаете это специально?
- Почему вы так считаете?
- В списке государств народной демократии нарушена правильная последовательность. Сначала указана ГДР, затем Венгрия. Опять применён алфавит? Необходимо забыть подобное понятие! Ведь вы сотрудник партийной газеты. Поместите Венгрию на третью позицию! Ранее там произошел государственный переворот.
- Но ведь между нашей страной и Германией ранее велись военные действия.
- Не стоит возражать! Чем вызваны ваши возражения? Эта страна уже совершенно другая! Непонятно, кому вообще поручено проверять вашу работу! Проявляете политическую ограниченность! Недоразвитость нравственных качеств! Вопросы будут поставлены соответствующим образом…
За предоставленную информацию мне выплатили вознаграждение в размере двух рублей. Предполагал получить сумму побольше — три рубля."
15,"В этой повести отсутствуют идеальные герои и абсолютные негодяи... Здесь нет ни добродетельных персонажей, ни преступников. Таких людей вообще не бывает в реальной жизни. Уже несколько лет я веду наблюдения...
Один редактор сказал мне следующее:
- Все твои персонажи ведут себя аморально. Если персонаж совершает плохое деяние, логика повествования должна привести его либо к нравственному падению, либо к наказанию. Но у тебя такие поступки выглядят совершенно обычными, как природные явления вроде дождя или снега...
- Почему вы считаете всех моих персонажей плохими людьми? - спросил я. - Приведите пример такого поступка.
Редактор смотрел на меня с подозрением, словно общался с человеком, находящимся среди неблагополучных знакомых и оправдывающим их поведение...
Уже долгое время я не делю реальных людей и книжных персонажей на хороших и плохих. Более того, я сомневаюсь, что каждое преступление обязательно вызывает чувство вины, а каждый героический поступок приносит счастье. Человек представляет собой именно таким, каким он воспринимает самого себя. Его качества, сильные стороны и недостатки выявляются жизнью... ""Моя природа - вот кто управляет мной..."" и прочее... Хорошо...
Эта повесть не содержит ни безупречных героев, ни явных злодеев, потому что их и не должно быть. Одним из главных действующих лиц являюсь я сам. Другой персонаж - Миша Шаблинский, известный своими специфическими выражениями типа ""спонтанная апперцепция"", ""имманентный дуализм""... Ещё один узнаваемый герой - Митя Кленский, популярность которому принесли привычка носить металлические зажимы для галстуков и курить толстые трубки из поддельного янтаря.
Что объединяло нас троих? Возможно, наше незначительное недовольство официальностью журналистской деятельности и некоторая склонность к здоровому скептицизму, позволяющему избегать пафосных высказываний...
Из тридцати двух работников нашего учреждения двадцать восемь именовали себя ""лучшими корреспондентами страны"". По принципу оригинальности мы три оставшихся назвали себя ""серебряными перьями"". Дмитрий Шер, однажды употребивший фразу ""искусственная почка стала обычным делом повседневной жизни"", имел репутацию посредственного журналиста."
16,"Утверждали, что в Благодатном нет ничего необычного: знаменитый бородинский дом обычный, возможно, даже с недостатком – одна сторона заметно перестроена после пожара, а сад обычный, старый, тенистый – такие сады встречаются часто в России; поля широкие, лес хорош, однако и это обычное явление; жители плохие: живут бедно, земли недостаточно, ранее переселялись, потом возвратились обратно, а во время волнений, хотя дом не подожгли и лошадей не лишили зрения, как произошло у соседа Бессонова, ходили слухи о намерении поджечь дом, уничтожить имущество и захватить бородинские земли. Когда говорили о странностях Петра Николаевича, сообщали такое невероятное, что стыдно повторить. В итоге всех просили избегать посещений Благодатного независимо от обстоятельств: место неблагоприятное.

Один доброжелатель рекомендовал Александре Павловне обратиться с жалобой к губернатору, но она категорически отказывалась выслушивать подобные предложения. По ее мнению, слухи совершенно необоснованны и поднимать этот вопрос бессмысленно. Действительно, кто угодно способен придумать любые обвинения, лишь бы переложить вину на другого человека. К тому же обсуждения постепенно затихли самостоятельно – ведь люди умнее, чем кажется внешне."
17,"Все дети обладали хорошим здоровьем, несмотря на многочисленные шалости: ради веселья и азарта поедали снег, выходили в одной рубашке в прохладные сенцы зимой, проглатывали крупных мух, чтобы заболеть и избежать посещения гимназии, а также употребляли засушенные покрытые плесенью просфоры, следуя советам бабушек, — якобы это помогает преодолеть страх во время грозы. Постоянно купались в прорубях. Все эти поступки никак негативно не сказывались на здоровье детей. Только Женя выделялся среди остальных. После перенесенных Колей заболеваний — скарлатины и кори — Женя заразился дифтеритом и временно потерял зрение. Со временем способность видеть вернулась, однако он регулярно испытывал сильные головные боли, ощущаемые преимущественно между бровями и в области висков. Когда начиналась боль, Женя сильно страдал, плакал жалобно, почти непрерывно издавая звуки, похожие на стоны. По ночам спящий мальчик совершал странные действия: выходил на крыши зданий, передвигался по карнизам. Во младенчестве, когда случались приступы, ребенка укладывали рядом с мощами святых, и дома у Вареньки в иконостасе находились специальные предметы — бархатные варежки и шапочка, соприкасавшиеся с этими святыми останками, которыми протирали лицо мальчика. Иногда девочку Прасковью отправляли с ним в Боголюбовский монастырь к священнику-отшельнику отцу Глебу молиться об избавлении от страданий, после чего наблюдалось некоторое облегчение состояния. У Жени взгляд часто выглядел печальным, он редко участвовал в драках, но если вспыхивал гнев, действовал решительно."
18,"Вавилен Татарский появился на свет задолго до исторического события, связанного с победой одного красного цвета над другим. По этой причине он оказался представителем поколения «П», хотя долгое время ничего об этом не знал. Если бы кто-то сообщил ему тогда, что впоследствии он будет заниматься деятельностью копирайтера, вероятно, он сильно удивился бы настолько, что случайно пролил бы напиток «Пепси-кола» на нагретый песок пляжа. В указанный период дети обычно мечтали стать пожарниками или врачами. Даже такое простое понятие, как «дизайнер», воспринималось тогда как малопонятное заимствование, временно закрепившееся в русском языке вплоть до возможного ухудшения ситуации в международных отношениях.

Однако в те времена русский язык и повседневная жизнь были полны необычных явлений и непонятных вещей. Например, свое собственное имя «Вавилен», данное отцом, Татарскому казалась весьма необычным. Это имя было искусственно создано путем объединения фамилий писателя Василия Аксёнова и политического деятеля Владимира Ленина. Вероятно, отец Татарского представлял себе типичного приверженца идей Ленина, осознававшего важность свободной любви благодаря произведениям Аксёнова, либо эстетствующего поклонника джаза, внезапно убеждающегося в неизбежности победы коммунистического строя после прослушивания длинной ноты, исполненной на саксофоне. Однако подобные взгляды разделяли не только родители Татарского: аналогичные воззрения отличали большинство советских людей периода конца пятидесятых и начала шестидесятых годов прошлого века, прославившихся созданием жанра любительской песни и запустивших в космическое пространство первый спутник Земли, символизировавший собой несостоявшееся будущее.

Сам Татарский испытывал чувство смущения от собственного имени и предпочитал обращаться к окружающим как Владимир. Позже он начал придумывать своим приятелям неправдивую историю о происхождении имени, утверждая, будто отец дал ему имя вследствие увлечения восточными учениями и стремился указать на связь сына с городом Вавилоном, знания и мудрость которого он должен будет перенять. Соединение же имен Аксёнов и Ленин якобы произошло из-за увлеченности отца философией, согласно которой считалось необходимым совмещать противоположные идеи. Хотя эта версия звучала убедительно, Татарский охотно избавился от паспорта с именем Вавилен, получив новый документ уже на имя Владимир."
19,"Тверской бульвар выглядел практически так же, как и два года назад, когда я видел его последний раз – снова наступил февраль, повсюду лежали сугробы, царила тёмная погода, проникавшая даже сквозь дневной свет. На лавочках сидели такие же пожилые женщины, неподвижно ожидающие; сверху, среди голых чёрных деревьев, тускло проглядывало такое же пасмурное зимнее небо.

Однако были некоторые отличия. В этот зимний период по дорожкам гулял сильный ветер, несущий снег, подобный буре в открытой местности; встретив пару диких животных, я бы воспринял это спокойно. Бронзовая статуя Пушкина выглядела немного грустнее обычного, вероятно потому, что на ней висел красный фартук с надписью: «Да здравствует первая годовщина революции». У меня не возникло стремления язвительно комментировать тот факт, что поздравление адресовалось именно годовщине события, тогда как само слово «революция» написано неправильно, с устаревшей буквой «ять» – недавно я уже убедился во многих проявлениях абсурдности и мрачной сущности, скрывающейся за подобными неуместными лозунгами красного цвета.

Сумерки уже сгущались. Из-за плотной снежной завесы едва различимым оставался Страстной монастырь. Перед зданием монастыря находились две грузовые машины с открытыми кузовами, покрытые яркой красной тканью; рядом собралась группа людей, слышался голос выступающего человека, отдельные слова которого звучали неразборчиво, однако общий смысл речи легко воспринимался благодаря чёткому произношению звуков «р» в словах «пролетариат» и «террор». Рядом со мной прошли двое солдат, находящихся в состоянии алкогольного опьянения, за спиной каждого из них покачивались винтовки со штыком. Один из солдат задержал на мне пристальный взгляд, притормозил шаг и приготовился заговорить; к счастью, его товарищ потянул его за одежду, и они продолжили путь дальше."
20,"В этот период открылась дверь, и Вощев заметил ночью работавшего косаря с чайником для группы рабочих: вода закипела на плите, которую растопили во дворе общежития; период сна завершился, настала пора принимать пищу перед началом трудового дня… Деревянные сельские часы висели на стене и исправно работали благодаря силе тяжести маятника; механизм часов украшал рисунок цветка, предназначенный успокаивать любого, смотрящего на ход времени. Рабочие расположились вдоль длинного стола, косарь, исполнявший обязанности повара в общежитии, разрезал хлеб и раздал каждому по кусочку хлеба, дополнительно дав каждому небольшой кусок вчерашнего холодного мяса. Рабочие приступили к еде серьёзно, воспринимая поступающую еду как необходимое действие, не испытывая удовольствия от приема пищи. Несмотря на осознание смысла жизни, что является условием абсолютного счастья, их лица выглядели мрачными и истощёнными, вместо удовлетворения жизнью они испытывали утомление. Вощев смотрел на этих печальных существ, способных сдержанно сохранять правду в душе, испытывая робкую надежду и опасаясь потери; он уже чувствовал удовлетворение даже тем фактом, что правда существует в лице ближайшего к нему человека, недавно говорившего с ним, следовательно, достаточно находиться рядом с таким человеком, чтобы обрести выносливость и работоспособность.

— Пойдем вместе поедим! — пригласили Вощева рабочие.

Вощев поднялся и, ещё не уверенный окончательно в целесообразности существования окружающего мира, направился есть, ощущая неловкость и тревогу."
21,"Машинист-наставник наблюдал, как Захар Павлович аккуратно очищает топки локомотивов, бережно относясь к металлу и доводя поверхности до идеальной чистоты, однако никогда не хвалил его. Наставник понимал, что работа машин зависит больше от внутренних свойств материалов и законов физики, нежели от знаний и мастерства человека; участие человека минимально. Природные ресурсы, энергия и материалы позволяют людям достигать успеха, несмотря на отсутствие значительных усилий. Даже неумелый работник способен зажечь огонь в топке, после чего двигатель заработает самостоятельно, а рабочий будет лишь пассивным наблюдателем. В случае дальнейшего упрощения эксплуатации техники люди потеряют ценность вследствие ненадёжности достигнутых результатов и станут бесполезны подобно коррозии металлов. Машинам же останется вытеснить ненужных работников и взять инициативу в своё распоряжение. Тем не менее наставник критиковал Захара Павловича реже остальных машинистов, поскольку последний использовал инструменты осторожно, не проявлял грубости и небрежности во время работы на локомотиве.

Однажды набравшись смелости благодаря своей увлечённости делом, Захар Павлович спросил наставника:

– Разрешите узнать ваше мнение: почему люди столь посредственны, а каждая машина обладает выдающимися характеристиками?

На вопрос этот наставник реагировал раздражённо, потому что считал свою привязанность к локомотивам исключительно личным чувством.

Про себя наставник думал: «Вот ещё один чудак появился... зачем ему нужно изучать технику?»

Оба стояли рядом с локомотивом, который нагревался для предстоящего ночного скорого рейса. Несколько минут наставник внимательно рассматривал машину, испытывая привычное удовольствие. Локомотив был крупным, тёплым, внушительным, отличаясь гармоничностью форм. У наставника возникло неясное приятное ощущение восторга. Ворота депо открывались наружу, позволяя видеть летний вечерний пейзаж, ассоциировавшийся с будущим временем, возможностью снова ощутить ветер и скорость на железнодорожных путях, испытать волнение ночью вместе с тихим равномерным шумом исправной машины.

У наставника непроизвольно сжались кулаки, вызванные ощущением подъёма жизненных сил, сходным с юностью и предвосхищением будущих свершений. Он перестал воспринимать Захара Павловича как недостаточно квалифицированного работника и заговорил с ним дружелюбно:

– Работа помогла тебе приобрести опыт и знания. Человек же несостоятелен... Дома лежит и ничего полезного не делает... А взгляни хотя бы на птиц..."
22,"Городок Федор-Кузьмичск расположен на семи холмах, окруженный обширными полями и неизведанными землями. К северу простираются густые леса, захламленные валежником, переплетенные ветки деревьев мешают проходу, кустарники цепляются за одежду, ветви сбрасывают головные уборы. Согласно рассказам старожилов, в этих лесах обитает существо, называемое кысь. Оно сидит на ветках деревьев и издает странные звуки: кы-ысь! кы-ысь!, однако увидеть его невозможно. Когда человек входит в этот лес, кысь внезапно атакует его сзади, ломая позвоночник и разрывая важнейший кровеносный сосуд, вследствие чего человек теряет рассудок. Возвращаясь обратно, пострадавший уже не является прежним человеком, его взгляд становится бессмысленным, он двигается беспорядочно, как сомнамбул. Родственники приводят такого человека домой, иногда ради забавы ставят перед ним пустую тарелку и вручают ложку, имитируя прием пищи; потерпевший совершает механические движения, якобы принимая пищу, хотя тарелки пусты, родственники смеются над этим зрелищем. Самостоятельно больной человек не способен ни заботиться о себе, ни соблюдать гигиену, нуждаясь в постоянном уходе. Некоторые заботливые супруги или родители отводят его в специальное помещение, а если уход отсутствует, он умирает подобно лопнувшему пузырю.

Таким образом действует кысь.

Не рекомендуется идти также на запад. Хотя кажется, что там имеется едва заметная дорожка, похожая на тропинку, путь ведет прочь от города. Человек движется вперед, город постепенно исчезает из виду, легкие дуновения ветра приносят приятные ощущения, создается впечатление благополучия, но неожиданно возникает чувство растерянности: человек останавливается, задумываясь о цели своего путешествия, задается вопросом, зачем туда нужно идти, ведь он уже знаком с местностью впереди, и вряд ли там будет лучше. Возникает острое ощущение собственной беспомощности, терзание охватывает душу. Размышляя, человек вспоминает свою дом, возможно оплакивающую хозяйку, домашних куриц, тепло натопленной печи, уют домашней обстановки. Тоска усиливается, он чувствует себя потерянным и одиноким. Наконец, плевок заставляет его вернуться назад, иногда он даже бежит, испытывая облегчение при виде родных предметов издалека, и слезы текут непроизвольно. Действительно, настолько сильно, что капли катятся до самого подбородка."
23,"Вы мне симпатичны, Александра Эрнестовна, особенно на одной вашей фотографии, где ваше лицо имеет определенную округлую форму, и на другой, где вы отклоняете голову назад и улыбаетесь красивой улыбкой, демонстрируя зубы, и еще на одной, где вы изображаете раздраженность, а рука ваша расположена на затылке таким образом, что кружевные украшения умышленно соскользнули с вашего локтя. Меня привлекает ваша обыденная, прошедшая незамеченной жизнь, быстро закончившаяся юность, умершие поклонники и бывшие супруги, последовавшие друг за другом последовательно, все те, кто обращался к вам, и те, кому адресовались обращения именно вами, каждый человек, встретившийся вам и исчезнувший навсегда из поля зрения. Я буду посещать вас регулярно и привозить молоко и морковь, которую полезно употреблять в пищу для улучшения состояния органов зрения, а вы, прошу вас, открывайте старые, долго хранившиеся альбомы из бархата темно-коричневого цвета, содержащие фотоснимки прошлого, чтобы освежить воспоминания о милых девушках-гимназистках, мужчинах средних лет с бородами и усами, улыбающемся мужественном мужчине по имени Иван Николаевич. Нет проблем, он вас не замечает, зачем беспокоиться, Александра Эрнестовна?! Необходимо было принять решение ранее. Нужно было. Но ведь вы приняли решение уже давно. Его изображение находится здесь близко, вытяните руку и дотроньтесь! Возьмите фотографию Ивана Николаевича, подержите в руках, она плоская, прохладная, слегка блестящая, края обложки покрыты тонким слоем золота, бумага немного пожелтела. Послушайте меня внимательно, вы поняли: она приняла решение ехать, теперь она точно собирается отправиться туда, прекратила колебаться окончательно, встречайте ее, где вы находитесь сейчас?
Многочисленные события, дни и годы сменяли друг друга подобно прозрачным тканям, закрывающим видимость, плотно уплотняясь вокруг и создавая препятствия на пути Александры Эрнестовны к ее далекому любимому человеку. Любимый остался в прошлом, живет отдельно от нее во времени, одинокий, пребывая на старой железнодорожной станции южного региона, он неспешно перемещается вдоль грязного железнодорожного полотна, покрытым брошенными семечками, периодически поглядывает на наручные часы, отталкивая ногой сухие стебли початков кукурузы, отрывая иголки сосновых деревьев, ожидая прибытия поезда издалека, нагретого солнечными лучами. Однако поезд не прибыл. Поезд не прибудет сюда. Обещание поездки оказалось ложью. Нет-нет, неверно утверждать, будто она отказалась, ведь желание поехать существовало! Желание возникло, и необходимые вещи упакованы заранее. Легкие белые наряды одежды аккуратно сложены внутри закрытого деревянного контейнера, футляр из кожи потрескивается от долгого хранения, поверхность металлических деталей блестит слабым светом, непристойные предметы гардероба для плавания ожидают возможности надеть себя кем-либо вновь, испытывая чувство ожидания... Внутри коробки, предназначенной специально для головных уборов, хранится удивительно легкий и приятный материал белого оттенка, обладающий воздушностью и легкостью. Еще одна коробка содержит предмет, расположенный вверх ногами, представляющий собой коробочку с различными мелкими предметами внутри: заколки, расчески, тонкие ленты из шелковой ткани, мельчайшие крупицы кристаллических камней, приклеенные к небольшим деревянным инструментам, применяемым для ухода за ногтями рук; также имеются незначительные мелочи. Бутылочка, содержащая ароматизированную жидкость с запахом жасмина, закрыта герметично стеклянной пробкой, при попадании солнечного света способна отражать лучи яркими переливающимися цветами. Готовность путешествия была обеспечена, однако что препятствовало осуществлению замысла? Что обычно становится причиной препятствий наших планов?"
24,"Он упал лицом в траву, которая превратилась в мелкие частицы пыли под его щекой, и сжался от раздражения, потому что оказался неудачливым. Лежал неподвижно, рассчитывая, что опасность минует сама собой, хотя осознавал неизбежность неудачи. Температура увеличивалась, охватывала всё тело подобно мокрой горячей простыне, пот струился в глазах, и лишь после этого Рэдрик громко предупредил Арчибальда: «Не двигайся! Терпите!» Сам тоже терпеливо ожидал дальнейшего развития событий. Возможно, ситуация разрешилась бы относительно удачно, без существенных последствий, однако первым сдался Арчибальд. Вероятно, он либо не услышал предупреждения Рэдрика, либо настолько испугался, что позабыл наставления и правила поведения, либо внезапно ощутил ещё большую боль, нежели Рэдрик. В результате он потерял способность контролировать себя и необдуманно бросился вперёд, пригнувшись и издав нечленораздельный звук, движимый примитивным инстинктом самосохранения — назад, хотя именно там находиться было крайне опасно. Рэдрику удалось быстро подняться и схватить его за ногу двумя руками, вследствие чего Арчибальд всей массой тела ударился о поверхность земли, поднял облако золы, вскрикнул странным высоким голосом и резко пнул Рэдрика другой ногой прямо в лицо, начал беспорядочно извиваться и брыкаться. Несмотря на мучительную боль, Рэдрик накрыл его своим телом, прижавшись обожжённым лицом к кожаному материалу одежды, пытаясь физически подавить сопротивление противника, удерживая рукой дергающуюся голову и хаотично бил ногами и коленями по земле, телу и конечностям Арчибальда. Нечётко различая звуки дыхания и слабого стенания снизу, Рэдрик бессвязно произнёс сквозь сдавленное дыхание: «Тихо лежать, негодяй, иначе убью...», ощущая сверху давление множества горячих углей, воспламенявших одежду, треск кожи на поверхности конечностей и туловища, пузырящейся и разрывающейся от жара. Упрятав своё лицо в серую золу, судорожно придавливая грудь к голове другого человека, он больше не мог сдерживать эмоции и издал громкий протяжный крик."
25,"Хотел бы я узнать итог всего происходящего. Десять лет назад я был абсолютно уверен в результате. Должна была существовать непроходимая граница. Полоса протяженностью пятьдесят километров, где находились исключительно учёные и военные. Опасная область на поверхности моей планеты должна была быть надёжно блокирована. Казалось, большинство разделяло мою точку зрения. Какие выступления звучали, какие проекты законов выдвигались... Теперь невозможно вспомнить, каким способом прежняя твёрдая уверенность неожиданно исчезла. По сути, одна позиция верна, другая также справедлива. Вероятно, процесс начался, когда сталкеры впервые принесли из опасной зоны необычные предметы, называемые батареями. Выяснилось, что данная территория представляла собой не угрозу, а кладезь ценных ресурсов. Сейчас уже никто точно не осознаёт природу этой области. Люди используют ресурсы постепенно. Уже десять лет продолжаются исследования, потрачено огромное количество денег, однако эффективная система добычи пока не создана. Каждый человек ведёт собственную небольшую коммерческую деятельность, а учёные авторитетно заявляют: учитывая определённые аспекты, следует принять одну позицию, одновременно признавая обоснованность противоположной точки зрения, потому что конкретный объект после воздействия рентгеновского излучения под заданным углом испускает квазитепловые электроны. Но всё равно я не смогу дождаться завершения ситуации."
26,"С самого начала дня возникли проблемы: прекратилась работа интернета. Сонный Матвей сел в компьютерное кресло и коснулся клавиш клавиатуры почти случайно, обнаружив неприятную новость: соединение отсутствует. Позвонив своему поставщику услуг, он получил следующий ответ:

– Произошла авария на магистральной линии связи. Вероятно, неполадка будет устранена примерно за двадцать четыре часа.

Матвей внимательно рассматривал изображение на экране своего компьютера, стараясь осознать серьезность ситуации. Это был большой удар! В течение двадцати четырех часов доступ к интернету невозможен. Это ужасно! Впереди оставалось много свободного времени до начала занятий в школе – около четырёх часов. За это время он мог бы поиграть онлайн с друзьями в какую-либо игру или провести время на своем любимом игровом сервере Minecraft. Разумеется, мобильный телефон также имеет выход в сеть, однако качество такого подключения недостаточно хорошее. Для полноценного игрового процесса необходимы высокая четкость графики и качественный звук, вызывающие реакцию соседей.

Огорчённый происходящим, Матвей направился на кухню, устроившись на стуле возле барной стойки, положил руки на лицо и тяжело выдохнул. День уже был испорчен. Его мать, напротив, энергично ходила по кухне в домашних туфлях – перемещаясь между холодильником, столом, плитой, кофеваркой и обратно. Наблюдая за этими движениями, Матвей испытывал раздражение.

– Мне нужен сок и тост, – произнес он хмурым голосом.

По пути мимо стула мама быстро прикоснулась губами к голове сына:

– Доброе утро, мой сердитый мальчик!

Матвей резко повернул голову, демонстрируя недовольство. Почему она постоянно проявляет чрезмерную заботливость? Она прекрасно осведомлена, что он испытывает неприязнь ко всей этой сентиментальности. Ведь он не девочка."
27,"Открыв дверь салона, Лена замерла, увидев студентку Марину, надевавшую рабочий халат. Ноги у нее ослабели. Она снова ошиблась: жила по графику пятницы, тогда как остальные считали, что сейчас среда. Из-за этой ошибки Лена лишилась работы на сегодняшний день и заработка. Дело в том, что уборка в салоне осуществлялась Мариной, а Лена выполняла эту работу по вторникам и пятницам.

– Лена, почему ты пришла сюда? Сегодня же не твоя смена, – спросила пожилая сотрудница-парикмахерша, которая договаривалась с владелицей о трудоустройстве несовершеннолетней ученицы вне официального оформления.

– Сегодня моя смена! Именно моя! – громко закричала Лена дрожащим голосом, ощущая потерю контроля над собой. Ее раздражали постоянные путаницы и невозможность разобраться во всей ситуации. Казалось, будто она оказалась в бессмысленном мире, где всё шло наперекосяк. Но когда же это прекратится?

– Лена, твоя смена бывает в пятницу, сегодня ты ошиблась днем недели, – спокойно произнесла парикмахерша.

– Пожалуйста, скажите правду, тетя Мила, разве сегодня не пятница?! – попросила девочка. – Почему никто не признает очевидного?

– С тобой всё нормально, Лена?

– Нет, ненормально именно с вами! Вы потеряны и считаете, что сегодня среда.

Две посетительницы внимательно смотрели на происходящее. Парикмахерша взяла Лену за локоть и отвела в служебное помещение, чтобы избежать любопытства окружающих. Здесь она дала девочке стакан воды и посадила на изношенный диван.

– Устала ты сильно, – рассуждала она, поглаживая Лену по волосам, – утомилась чрезмерной работой. Редко встретишь ребенка, работающего больше многих взрослых людей. Нужно отдохнуть, провести время с друзьями.

– Я не ребенок, – ответила Лена, отстраняясь от прикосновения женщины. – Мне уже исполнилось тринадцать лет.

– Тринадцать, двенадцать... какая разница? Ты должна отдыхать и развлекаться, а ты одна заботишься обо всей семье.

– От игрушек меня только избавьте! Нет смысла терять время зря! День такой короткий, столько всего нужно успеть сделать.

– Бедняжка, – вздохнула женщина. – Я собрала одежду для твоих братьев. Одёжка хорошая, мой внук аккуратен в обращении.

– Ничего не нужно, – отказалась Лена, вставая.

– Но мальчики быстро растут, одежда быстро становится мала!

"
28,"Артем медленно встал с места около огня и, перебрасывая оружие спереди на грудь, направился в темноту. Остановившись возле границы освещённой зоны, он громко и заметно щёлкнул затвором автомата и хрипло прокричал:
– Стойте! Назовите пароль!
Из темноты, где несколько минут назад слышались необычные звуки и приглушённые голоса, послышались быстрые и частые шаги. Кто-то поспешно удалялся глубже в туннель, испуганный резким голосом Артема и звуками его оружия. Артем быстро вернулся обратно к костру и сказал Петру Андреевичу:
– Нет, мне действительно показалось. Человек не назвал себя и убежал.
– Ты глупец! Мы же говорили тебе: если человек не называет пароль, нужно немедленно стрелять! Откуда тебе известно, кем был этот человек? Возможно, это были враждебные люди, приближающиеся скрытно!
– Нет... Мне кажется, это вовсе не люди... Шумы были очень необычными... И шаги звучали совсем иначе. Разве я не способен отличить человеческие шаги? К тому же, если бы это были враги, разве они когда-нибудь раньше так бежали прочь? Ведь вы сами прекрасно осведомлены, Пётр Андреевич, что в последнее время враги сразу атакуют открыто — некоторые нападения совершались безоружными людьми, другие дерзко пытались захватить пулемёт, стоя прямо напротив него. Но этот человек сразу сбежал... Похоже, он проявлял признаки страха.
– Хорошо, Артем! Очень уж ты мудрый стал! Твоя задача действовать согласно инструкции, а не рассуждать долго. Это мог быть разведчик противника. Он увидел, что нас немного, и теперь возможно организует нападение большими силами... Вероятно, скоро мы будем убиты противником, подобно случаю на станции Полежаевская, а всё лишь потому, что ты своевременно не уничтожил нарушителя...
Артём ощутил беспокойство, мысленно представляя себе пространство туннеля после отметки семьсот метров. Даже подумать о посещении этого участка вызывало чувство сильного страха. Никто ранее не решался заходить дальше седьмой сотни метров на север. Патруль регулярно проезжал до пятисотой отметки, проверял границу фонариком и убедившись, что никаких угроз не обнаружено, быстро возвращался. Разведывательные группы, состоящие из крепких мужчин, бывших морских пехотинцев, также ограничивались шестьюстами восемьюдесятью метрами. Они скрывали светящиеся сигареты в руках и напряжённо наблюдали сквозь приборы ночного видения. Затем осторожно и бесшумно отходили обратно, внимательно следя за туннелем и ни в коем случае не поворачиваясь к нему спиной."
29,"На Третьем транспортном кольце медленно двигались миллионы машин, дневной свет освещал включенные фары, пыль от колёс висела в воздухе, люди выходили из подземного перехода, город выглядел живым. Илья испытывал желание прикоснуться ко всему вокруг, провести рукой по предметам, окружающим его. Уже семь лет он мечтал почувствовать соприкосновение с Москвой.

— Мне нужно добраться до Лобни.

Сильно изменился внешний вид электричек.

Раньше он видел грязные зелёные вагоны с испорченными окнами, нарисованные надписи на стенах, деревянные общие лавки, пол был покрыт шелухой семян подсолнуха, пролившееся пиво долго высыхало, везде ощущался запах пива. Теперь же появились чистые белоснежные составы с жёлтыми полосами вдоль бортов, внутри установлены удобные кресла для каждого пассажира отдельно. Люди вели себя сдержанно, аккуратнее стали выглядеть благодаря новым поездам.

— Ты не хочешь пойти со мной посмотреть ледовое представление с участием Навки? — спросила одна женщина другую. — В прошлый раз мне понравилось, зрелище потрясающее.

— Возможно, и пошла бы. Ведь сама Навка вышла замуж за этого человека с усами, помощника президента Путина. Мужчина симпатичный, внушительный, эффектный, — ответила другая женщина, выглядевшая значительно старше первой и накрасившаяся поверх утомлённого лица.

— Нет уж, — возразила первая собеседница. — Она могла найти кого-нибудь лучше. Мне больше нравится Сергей Лавров. Лавров замечательный человек. Я бы предпочла отправиться куда-либо именно с ним. Лавров гораздо решительнее вашего усатого.

Илья прислушивался к разговору, но не мог разобраться в сути беседы. Электричка задерживалась. У него возникло чувство голода, желудок пустовал и неприятно ныл. Покупать чебуреки возле вокзала он отказался, поскольку стоимость продуктов здесь была завышена относительно той суммы, которую ему предоставляли для транспортных расходов. Зачем тратить деньги на перекус, если вскоре он сможет съесть горячие домашние щи матери?

Ему страстно захотелось отведать эти щи трёхдневной давности, добавив немного сметаны сверху, измельчив сухарик хлеба прямо в тарелку, как делал в детстве после примера своего деда. Затем размочить кусочки хлебной корочки в супе, но оставить их слегка твёрдыми, вдохнуть аромат блюда и осторожно положить горячую ложку в рот."
30,"Кот спрыгнул со стула и побежал следом за ним.

В помещении Алексей Кириллович поставил чашку на стол, покрытый множеством документов, расположился в кресле, поместил перед собой стопку печатных страниц и начал пролистывать их:

– Да... вот оно... верно... точно! Определим операцию умножения согласно таблице номер три... нейтральный элемент относительно... относительно... но, дорогой друг, это абсолютно совпадает с работой Юрковского. Безусловно, поскольку поле упорядоченно, множество базисов можно разделить на две части, зачем он вновь раскрывает общеизвестные сведения? Далее. Подобная матрица задаёт преобразование одного n-мерного векторного пространства в другое. Что дальше? Эта информация известна давно, это всего лишь утверждение о разложении матрицы! Шутник.

Алексей Кириллович открыл ящик стола, взял ломтик хлеба, накрытый салфеткой, и, продолжая читать листы, принялся аккуратно отделять небольшие куски, периодически запивая их чаем:

– Продолжим... так... итак... произведение матрицы на число распределительно относительно операции сложения чисел... понятно... дальше... уже знакомо... где именно рассматривается тема линейной комбинации?... так... обозначение Кронекера равно нулю тогда, когда совокупность квадратных матриц формирует алгебраическую систему относительно операций суммирования и умножения... но какое это имеет отношение к делу? Где представлены два тензорных пространства? Ведь они идентичны.

Частицы хлеба падали ему на ноги, крошились на полу. Кот устроился на диване, уложив голову между передних конечностей.

– Как возможно классифицировать тензорные величины? Эти объекты принадлежат внешней структуре, глупец... следовательно... почему стоит анализировать билинейную конструкцию? Шутник! Необходимо выяснить характеристики левого тензорного поля, а не характеристику полиномиального выражения... сейчас посмотрим... так... теперь яснее... интересно! Это противоречит принципам евклидова пространства! Боже мой! Х-х-х! Удивительная вещь: полярная запись базовой полиномиальной функции именуется скалярным рассеиванием! Хо-хо-хо! Совершенно бессмысленно и никак не связано!"
31,"Из группы выходит участник боя: крупный работник скотного двора, лицо широкое. Сбрасывает верхнюю одежду, надевает перчатки, вытирает нос. Мы ожидали такой поворот событий, потому Погода Сиволай снимает свою черную одежду, освобождается от головного убора с меховой отделкой, расстегивает парчовое верхнее платье, слегка двигает мускулистой рукой, обернутой красной тканью, подмигивает мне и выходит вперёд. В боях кулачных Погода значительно превосходит противника. Рост небольшой, однако плечи широкие, костяк крепкий, ловок и проворен. Ударить по лицу Покоя непросто. Зато получить удар от него легко.

Пристально смотрит Погода на оппонента, щурится, шевелит шёлковым поясом:

– Готов ли принять поражение?

– Хвастаться не стоит до начала сражения!

Противники перемещаются по кругу, оценивают друг друга. Несмотря на различия во внешнем виде, положении и принадлежности различным хозяевам, оба созданы одинаково из русской плоти и крови. Решительны русские люди.

Собираемся вокруг площадки для боя, объединяемся с людьми своего хозяина. Это обычное дело здесь. Все равны – и крестьянин, и дворянин, и правительственный служащий. Кулачный бой является самостоятельным действием.

Улыбаясь, Погода подмигивает работнику скотного двора, напрягая мышцы рук. Работник не сдержался, бросился первым ударом тяжёлого кулака. Наклоняется Погода, одновременно бьет работника в живот резким движением. Тот вскрикнул, но терпит боль. Погода вновь кружится вокруг, делает плавные движения руками, насмешливо мигает глазами, высовывает красный язык. Работник игнорирует подобные манёвры, тяжело дышит и вновь замахивается кулаком. Однако Погода опережает его – левый удар в скулу, правый по грудной клетке – хруст! хруст! Рёбра ломаются. Тяжёлого удара вновь избежал. Громко кричит работник скотного двора, машет большими кулаками, теряет перчатку. Безрезультатно: снова получает удары в область живота и носа – резко! Мужчина отступает назад, словно дикий зверь зимой. Скрещивает пальцы обеих рук, громко рычит, разрезает холодный воздух движениями тела. Напрасно: бах! бах! бах! Быстро работает рука Погоды: теперь уже и лицо рабочего залито кровью, один глаз заплыл, нос течёт кровяной жидкостью. Брызги ярко-красной жидкости летят, блестят подобно драгоценностям в лучах зимнего солнца, оседают на плотно утрамбованном снегу."
32,"Привет, Алёна, моя взрослая дочь. Я полагаю, что важнейшее в жизни — это чувство любви. Однако почему мне выпали такие испытания, ведь я сильно любила свою дочь! Очень сильно любила Андрея!

Сейчас моя жизнь закончилась, несмотря на то, что мой возраст никому не заметен. Однажды незнакомый мужчина принял меня сзади за молодую девушку, когда спросил дорогу: «Девушка, извините, скажите, пожалуйста, как пройти туда-то?» Мужчина был грязным, вспотевшим, вероятно имел деньги и смотрел дружелюбно, говоря, что гостиницы уже заполнены. Нам известна ваша ситуация! Желаете бесплатно остановиться здесь за небольшой подарок — пол-килограмма фруктов и небольшие дополнительные услуги вроде кипячения чая, стирки постельного белья и запирания двери, чтобы вы не беспокоили нас просьбами. У меня все сразу ясно в голове, как будто я шахматистка. Я пишу стихи. Некоторым людям нравится термин «поэтесса». Посмотрим, что говорят другие авторы, похожие на меня по имени: одна носит имя Анна Андреевна, другая также Анна, но отчество отличается — Андриановна. Во время редких выступлений прошу называть себя именно так: поэт Анна — далее фамилию моего супруга. Дети внимательно слушают мои выступления. Мне известно отношение детей ко взрослым. Мой муж Тимофей сопровождает меня повсюду, сидит рядом со сценой, никогда не в зрительском зале. Иногда у него проявляется невольное напряжение мышц лица, вызванное нервной реакцией. Я улыбаюсь и нежно поглаживаю голову Тима, произнося фразу из известного детского произведения: «Мы с Тамарой вместе ходим». Однако некоторые глупые устроители мероприятий воспринимают это серьёзно и предлагают: «Пусть Тамара посмотрит выступление из зала», не понимая, что это строка из стиха Агнии Барто."
33,"Это произошло давно, когда я родила двух детей подряд за два года. Это был мой очередной неудачный выбор человека, когда, будучи молодой женщиной двадцать девять лет, с короткой стрижкой, худая, я оказалась в ситуации, которую можно сравнить с сумасшедшей археологической экспедицией. Вначале мы были незнакомы друг с другом: один человек смотрел на найденный камень с ржавым осколком, а другой спросил нас, что мы здесь делаем. Когда я взглянула на него, он заметил мою мальчишескую внешность и удивился. Так началась наша история, полные дней и ночей радости, когда я работала поэтом после педагогического института и была уволена из газеты, где раньше трудилась журналистом, из-за романа с женатым мужчиной-художником, у которого уже было трое детей, которых я мечтала воспитывать сама, глупая женщина! Жена художника быстро появилась и сказала мне, что мне должно быть стыдно, сообщив об этом главному редактору. После этого ей дали ранее обещанную трёхкомнатную квартиру, потому что до этого они жили вместе с матерью её супруга в одной комнате, тогда как я предоставляла место для работы своему любовнику, несмотря на недовольство матери, резко осуждавшей, что он живёт за мой счёт, не вступая в брак. Затем, потеряв работу в газете, я отправилась добровольцем в археологическую экспедицию, результатом которой стали мои дети Андрей и Алёна, теперь снова живущие в одной комнате вместе с настойчиво настаивающей на своём мнение матерью. Мы пожили некоторое время, осознавая реальную ситуацию, пока мой муж переживал болезненный бракоразводный процесс в городе Куйбышеве. Его жена приехала посмотреть на беременную меня, точнее говоря, она стояла у двери, когда он открыл её, и увидела жену с подростком-пятнадцатилетним сыном, желающими обсудить важный вопрос."
34,"Наступление продолжалось третий день, и начало его было неопределенным. В течение всего дня впереди постоянно раздавалась стрельба, наши колонны периодически останавливались, направляя во всех направлениях разведывательные группы. Поэтому мы испытывали особую радость, когда увидели пехотинцев, вышедших из леса, которых не видели уже несколько суток. Выяснилось, что двигаясь с северного направления, наша группа объединилась с подразделениями, наступающими с южного направления. Бесконечные подразделения пехоты последовательно подходили друг за другом и вскоре исчезали между небольшими лесочками и возвышенностями. Их появление свидетельствовало о завершении преследования врага, поскольку противник прекратил отступление и готовился вступить в сражение.

Наша разведывательная группа должна была выяснить маршрут продвижения одного из подразделений пехоты и обеспечить защиту его фланга. Во время выполнения задания мы столкнулись с кавалерийским патрулем, получившим аналогичное задание. У офицера-драгуна был разорван сапог — результат попадания вражеской копья днем ранее, однако он получил лишь незначительное ранение, тогда как погибло около восьми немецких солдат. Быстро определив местоположение неприятеля после нескольких пробных маневров и последующего обстрела, мы спокойно двинулись дальше, размышляя о предстоящей еде: картофеле и чае.

Однако, едва мы покинули лесной массив и дозорный взобрался на возвышение, прозвучал выстрел с противоположной стороны возвышенности. Вернувшись обратно в лес, мы заметили полную тишину. Когда дозорный снова появился над гребнем, последовал еще один выстрел, и на этот раз пуля задела ухо лошади. Спешившись, мы расположились на краю леса и начали наблюдение. Постепенно с вершины соседнего холма появилась немецкая военная каска, затем фигура всадника, которого я смог подробно рассмотреть в бинокль благодаря характерному светлому цвету его усов. Солдаты шепотом произносили: «Вот он, вот он». Однако офицер решил дождаться появления большего числа врагов, считая бессмысленным вести огонь по одиночному солдату. Мы держали цель на мушке, внимательно изучая ее в оптическом приборе и рассуждая о социальном статусе наблюдаемого человека."
35,"Одесса оставляет странное впечатление у приезжего с севера. Похожа на иностранный город, подвергшийся русскому влиянию благодаря стараниям администратора. Здесь большие кафе, заполненные людьми, похожими на торговых агентов. По вечерам люди прогуливаются по улице Дерибасовская, атмосфера напоминает парижский бульвар Сен-Мишель. Привычный одесский диалект отличается особыми произношениями, неправильной формой падежных окончаний и необычными словами. Такое ощущение, что именно этот способ речи отражает психологию города: детскую веру в могущество ловкости и страстное стремление добиться успеха. Когда я печатал визитные карточки в местной типографии, заметил свежевышедший выпуск одесской вечерней газеты, издаваемой здесь же. Открыв газету, обнаружил стихотворение Сергея Городецкого, которое отличалось изменением единственной строки и было опубликовано анонимно. Управляющий типографией сообщил, что стих был предоставлен начинающим поэтом, выдавшим произведение за собственное творение.

Безусловно, среди жителей Одессы немало безупречно честных и достойных уважения людей, причем не только с точки зрения северных стандартов. Однако эти граждане не определяют общую атмосферу. На Востоке возникли небольшие активные группы людей, которым принадлежит будущее. Эти группы представлены такими местами, как Порт-Саид, Смирна, Одесса.

10 апреля мы отправились в плавание на корабле Добровольного флота «Тамбов». Всего около двух недель назад неспокойное и небезопасное Чёрное море пребывало в полном покое, напоминающем гладкость озера. Под воздействием судна волны плавно расходились, двигаясь равномерно, словно механизированный орган корабля, скрытый от глаз пассажиров. Вода была спокойной, и лишь слабо заметная зеленоватая линия следовала за судном. За ним устремлялись стаи дельфинов, иногда приближаясь вплотную и демонстрируя свои влажные спинки. Затем наступила ночь, первая после выхода в открытое море. Небо освещали редко наблюдаемые звёзды, вода звучала громче обычного. Возможно ли, чтобы кто-либо никогда не видел морской поверхности?

Утро 12 числа — Стамбул. Перед нами снова предстал привычный пейзаж пролива Босфор, заливов, лодок с белоснежными парусами, где находятся улыбающиеся турки, домов, расположенных вдоль склонов побережья, окружённых кипарисовыми деревьями и цветами сирени, укреплений древности, башен и зубчатых стен замков, а также особого солнца Стамбула, яркого, но мягкого.

Мимо нас проплывала флотилия военных кораблей европейских государств, направленная в Босфор на случай волнений. Флот неподвижно стоял серым пятном, символизируя угрозу многолюдному и живописному городу. Около восьми утра началась церемония исполнения национальных гимнов. Сначала раздался английский гимн, исполненный уверенно и горделиво, затем российский — торжественно и благочестиво, а испанская версия оказалась столь праздничной и яркой, словно представляла собой собрание молодых танцующих мужчин и женщин."
36,"Я доверяю тем людям, которые представляют его другим, нежели я привыкла воспринимать, и вот причины такого доверия. Прежде всего, я могла наблюдать лишь один аспект его личности (лучший) – поскольку я была посторонним человеком, вероятно, недостаточно понятной двадцатилетней женщиной иностранного происхождения; кроме того, я лично отметила значительное изменение в нём, когда мы вновь повстречались в 1911 году. Его внешность стала значительно мрачной и истощённой.

В десятом году я встречалась с ним крайне редко, всего несколько раз. Несмотря на это, он всю зиму отправлял письма. То обстоятельство, что он пишет стихи, он мне не сообщал.

Теперь я осознаю, что именно моя способность интуитивно понимать мысли людей, проникать в сновидения окружающих и другие незначительные особенности привлекли его особое внимание, хотя близкие ко мне люди уже давно воспринимают такие способности как нечто обыденное. Он постоянно повторял фразу: «Мы общаемся». Нередко произносил также слова: «Только вы способны осуществить подобное».

Скорее всего, мы оба тогда не сознавали одно важное обстоятельство: события, происходившие между нами, являлись подготовительным этапом наших жизненных путей: его жизнь оказалась весьма короткой, моя же продолжилась намного дольше. Искусство ещё не успело повлиять на наши судьбы, оставляя период свежести и лёгкости до рассвета. Однако будущее, которое неизбежно предшествует своей реальной явью появлением признаков, уже давало о себе знать: оно чувствовалось в тревожащих моментах сна, пугало образом ужасающего Парижа Бодлера, таящегося поблизости. Всё возвышенное в Амедео проявлялось едва заметно среди общего сумрачного фона.

Его лицо походило на изображение Антиноя, глаза мерцали золотистыми бликами, он выглядел совершенно непохожим на всех остальных. Его голос сохранился в моей памяти навсегда. Я наблюдала его бедствующим, оставалось неясным, благодаря чему он существует. В качестве художника он не получил даже минимального общественного одобрения."
37,"Вид города сильно потряс меня, и я написала рассказ об этой встрече. Примерно тогда же появились рассказы «Три сирени» и «Чтение стихов на фронте в Териоках». Написание прозы представлялось мне одновременно загадочным и привлекательным занятием. Поэтическое творчество я понимала изначально хорошо, однако совершенно не имела представления о написании прозы. Мой первый прозаический опыт был высоко оценён окружающими, хотя сама я этому не доверяла. Я пригласила Зощенко посмотреть работу. Он рекомендовал исключить некоторые части и одобрил остальное. Это вызвало моё удовлетворение. После ареста сына я уничтожила этот текст вместе с остальными материалами архива.

Мои интересы давно включали художественное переводоведение. В период после войны я занималась переводом многих произведений. Продолжаю заниматься этим и теперь.

В 1962 году завершилось создание поэмы «Поэма без героя», над которой я работала двадцать два года.

Весной прошлого года, незадолго до юбилея Данте, я вновь слышала итальянскую речь во время поездки в Рим и на Сицилию. Весной 1965 года я отправилась в Великобританию, откуда родом Шекспир: наблюдала английское небо и берег Атлантики, встретилась с давними знакомыми и обзавелась новыми приятелями, ещё раз побывала в Париже.

Я продолжала создавать стихотворения. Через них я ощущала свою причастность ко времени и новым этапам жизни своего народа. Во время работы над стихами я воспринимала ритмы, характерные для выдающихся исторических событий своей родины. Мне повезло жить в такой исторический период и стать свидетелем исключительных событий."
38,"Парень только так подумал, девушка сразу обернулась. Взгляд у нее веселый, улыбается и обращается полушутливо:  
— Что ты, Степан Петрович, смотришь на девушку бесплатно? За такое удовольствие надо платить. Подойди ближе. Давай поговорим немного.   
Парень испугался, конечно, но виду не показывает, держится уверенно. Хотя девушка загадочная и сильная, однако она всего лишь женщина. Но парню тоже неловко проявить робость перед девушкой. Поэтому отвечает:  
— Нет времени общаться. Мы уже заснули позже положенного, теперь идём искать нужную траву.  
Девушка снова рассмеялась и сказала:  
— Перестань играть роль музыканта. Я серьезно говорю — подойди сюда, есть важное дело.  
Парень понял, что другого выхода нет. Подходит к девушке, а та жестом руки просит обойти горную породу с другой стороны. Обогнул камень и увидел огромное количество ящериц разных видов. Некоторые зелёные, некоторые голубые с оттенком синевы, другие напоминают глину или песчинки с золотистыми пятнами. Есть прозрачные, словно стекло или слюдяные пластинки, есть тусклые, похожие на увядшую траву, а ещё такие, у которых красивый рисунок. Девушка продолжает смеяться:  
— Будь осторожнее, чтобы не раздавить моих маленьких помощников, Степан Петрович. Ты такой крупный и тяжёлый, а они совсем маленькие. — Затем хлопнула в ладони, ящерицы мгновенно разбежались, освободив проход. Парень подошёл ближе, остановился, а девушка вновь захлопала руками и произнесла всё еще смеясь:  
— Сейчас тебе негде сделать шаг. Уничтожишь моего помощника — неприятности будут."
39,"Не взяли его на заводскую работу — слишком маленькая была вакансия, ненадолго хватило бы места. Приказчик отправил его помощником пастуха. Но и здесь Данилко оказался неподходящим работником. Мальчишка был старательным, однако постоянно допускал ошибки. Часто задумывался над чем-то своим. Увидит какую-нибудь травинку и уставится взглядом, а коровы пасутся далеко. Старый пастух оказался добрым человеком, жалел сироту, но иногда сердился:  
— Что же получится из тебя, Данилко? Сам погубишь свою жизнь и заставишь меня отвечать за твои промахи. Как такое допустимо? О чём думаешь вообще?  
— Сам, дедушка, не понимаю… Просто смотрел немного. Видел маленькую букашку, ползущую по листочку. Она сама синенькая, а снизу желтые пятнышки видны, лист широкий, края острые, похожи на узор. Здесь лист кажется тёмным, а посредине ярко-зелёный, словно недавно покрасили… А букашка медленно движется.  
— Ты совсем глупый, Данилко? Разве тебе нужно изучать насекомых? Пусть ползёт дальше, а твоя обязанность следить за стадом. Предупреждаю, прекрати эти пустяки, иначе расскажу обо всём приказчику!   
Только одно занятие удалось Даниле — научиться играть на рожке лучше старого пастуха. Получалось почти профессионально. Вечером после возвращения стада девушки и женщины просили:  
— Давай сыграешь песню, Данила.  
Данилко начинал играть мелодию. Песни были необычные, звучали приятно, наподобие шума леса, журчания ручья или птичьего щебета. Женщины полюбили эти песни. Одни чинили одежду, другие отрезали ткань на портянки, третьи шили новые рубашки. За едой разговора даже не возникало — каждая старалась угостить повкуснее и побольше. Пастух-старик также любил песни Данилы. Однако и тут случались неприятности. Начинал Данила играть музыку и забывал обо всём вокруг, словно коровы исчезли. Именно во время игры произошла беда."
40,"В хату зашла крупная рыжеватая собака с черной полосой вдоль спины. Под глазами у неё находились чёрные полосы, изгибавшиеся наподобие оправы очков. Из-за этого её глаза выглядели крупными, и таким взглядом она словно задавала вопрос: «Почему ты зовёшь меня, хозяин?».
Антипыч особым образом посмотрел на неё, и собака мгновенно осознала намерения человека: он приглашал её исключительно ради дружеского общения, забавы, игры… Травка начала энергично махать хвостом, постепенно приседая всё ниже и ниже до тех пор, пока, приблизившись вплотную к коленям старика, не улеглась на спину, выставив наружу белый живот с двенадцатью тёмными сосочками. Когда Антипыч лишь слегка вытянул руку, намереваясь её почесать, собака внезапно встрепенулась, запрыгнула на него лапами и принялась лизать его в разные части лица: в нос, щёки, губы.
— Хватит, хватит, — произнёс он, усмиряя животное и стирая слюну рукавом.
Затем он ласково провёл рукой по её голове и добавил:
— Достаточно, возвращайся обратно.
Собака развернулась и ушла во двор.
— Так-то вот, ребята, — проговорил Антипыч. — Это Травка, охотничья собака, ей достаточно единственного указания, чтобы понять суть дела, тогда как вы, неразумные, задаёте вопросы типа: «Где находится истина?» Хорошо, приезжайте сюда. Но если пропустите нужный момент, я расскажу обо всём Травке.
Вскоре после смерти Антипыча началась Великая Отечественная война. Никто другой не занял должность сторожа, и жилище Антипыча оказалось заброшенным. Домик сильно износился, значительно превзойдя возраст своего владельца, и поддерживался специальными подпорками. Однажды ветер разрушил постройку, она тут же рассыпалась подобно карточному строению, которое легко рушится даже от слабого дуновения ребёнка. За один год высокие стебли растения Иван-чая пробились сквозь древесные элементы строения, оставив от дома небольшой земляной бугор, покрытый алыми цветками. Собака Травка переехала в картофельно-хранилище и приспособилась вести жизнь животного в лесных условиях."
41,"Человек, который ни разу не видел, как растёт клюква, может пройти большое расстояние по болоту и не заметить, что он находится среди зарослей этой ягоды. Например, черника растёт так: тонкий стебелек поднимается вертикально вверх, вдоль него расположены небольшие зелёные листья, похожие на крылья, и на концах листьев находятся мелкие чёрные ягоды, покрытые серым пухом. Брусника отличается ярко-красными плодами и тёмно-зелёными листьями плотной структуры, сохраняющими цвет даже зимой; часто эти ягоды настолько многочисленны, что поверхность земли выглядит окрашенной красным цветом. Ещё один типичный обитатель болот — голубика, обладающая крупными синими ягодами, растущими группами. Иногда в отдалённых районах встречается костяника — красновато-рубиновые плоды, расположенные гроздьями. Однако единственная ягода, которую сложно увидеть сразу, — это весенняя клюква. Она скрывается между комочками почвы и практически незаметна снаружи до тех пор, пока на небольшом участке не скопится значительное количество ягод. Тогда сверху видно нечто вроде случайно разбросанных красных точек. Когда человек наклоняется, чтобы сорвать одну ягоду, он обнаруживает, что она соединена тонкой нитью с целой группой аналогичных плодов. Можно аккуратно извлечь из почвы длинную цепочку крупных ярко-красных ягод.
Возможно, причина такой популярности клюквы заключается в её высокой стоимости весной, полезных свойствах и приятном вкусе напитка, приготовленного с добавлением этой ягоды. Но независимо от причины сборщики клюквы нередко проявляют чрезмерную алчность. Однажды пожилая женщина собрала столько ягод, что не смогла самостоятельно нести тяжёлую корзину домой, однако ей было жалко оставить собранное, и она оказалась в затруднительном положении рядом с полным сосудом. Другая ситуация возникает, когда две женщины одновременно находят богатые места сбора и, опасаясь конкуренции, ложатся на землю и двигаются осторожно, стремясь собрать больше урожая, несмотря на риск оказаться друг напротив друга и вступить в конфликт."
